{"stats":{"minecraft:dropped":{"minecraft:wheat_seeds":2,"tombstone:grave_dust":1},"minecraft:mined":{"iceandfire:pixie_jar_empty":1,"byg:water_silk":2,"minecraft:dark_oak_log":20,"minecraft:crafting_table":2,"minecraft:ladder":1,"minecraft:dark_oak_fence":1,"minecraft:grass_block":2,"minecraft:tall_grass":2,"minecraft:cobblestone":2,"minecraft:oak_planks":4,"byg:mahogany_log":1,"minecraft:seagrass":1,"minecraft:furnace":2,"minecraft:carrots":3,"minecraft:wheat":9,"minecraft:acacia_wood":14,"byg:short_grass":1,"minecraft:birch_leaves":2,"byg:cypress_log":16,"minecraft:grass":11,"minecraft:oak_log":45,"minecraft:beetroots":1,"minecraft:vine":2,"minecraft:iron_bars":4,"minecraft:dirt":6,"minecraft:stripped_oak_log":6,"minecraft:stone":59,"minecraft:oak_leaves":4},"minecraft:custom":{"minecraft:interact_with_furnace":13,"minecraft:mob_kills":16,"minecraft:interact_with_crafting_table":8,"minecraft:play_one_minute":58272,"minecraft:bell_ring":1,"minecraft:leave_game":8,"minecraft:time_since_death":7566,"minecraft:sleep_in_bed":3,"minecraft:climb_one_cm":1011,"minecraft:time_since_rest":7589,"minecraft:waystone_activated":1,"minecraft:sprint_one_cm":155371,"minecraft:damage_taken":1034,"minecraft:walk_one_cm":131263,"minecraft:damage_blocked_by_shield":821,"minecraft:trigger_trapped_chest":1,"minecraft:drop":3,"minecraft:damage_dealt":1835,"minecraft:swim_one_cm":28442,"minecraft:fly_one_cm":160691,"minecraft:open_chest":7,"minecraft:crouch_one_cm":7406,"tombstone:undead_killed":3,"minecraft:deaths":3,"minecraft:sneak_time":2856,"minecraft:walk_under_water_one_cm":7453,"minecraft:jump":758,"minecraft:walk_on_water_one_cm":8254,"minecraft:fall_one_cm":12592},"minecraft:broken":{"minecraft:wooden_pickaxe":1},"minecraft:killed":{"minecraft:pig":6,"minecraft:salmon":3,"born_in_chaos_v1:decrepit_skeleton":1,"minecraft:skeleton":2,"minecraft:chicken":3,"minecraft:cow":1},"minecraft:picked_up":{"minecraft:stripped_oak_log":6,"byg:mahogany_log":1,"minecraft:crafting_table":2,"minecraft:wheat":7,"minecraft:feather":2,"minecraft:lilac":1,"minecraft:chicken":2,"minecraft:ladder":1,"minecraft:salmon":1,"minecraft:leather":2,"byg:cypress_log":16,"minecraft:acacia_wood":13,"minecraft:oak_log":44,"minecraft:dirt":8,"minecraft:bone":3,"minecraft:apple":1,"minecraft:beetroot":1,"iceandfire:pixie_jar_empty":1,"minecraft:wheat_seeds":27,"minecraft:beef":3,"minecraft:rose_bush":4,"minecraft:oak_planks":5,"minecraft:egg":1,"minecraft:furnace":2,"minecraft:stick":2,"minecraft:porkchop":12,"tombstone:grave_dust":1,"minecraft:carrot":14,"minecraft:dark_oak_log":20,"minecraft:polished_andesite":1,"minecraft:stone_sword":1,"minecraft:arrow":2,"minecraft:beetroot_seeds":4,"minecraft:oak_sapling":8,"minecraft:iron_bars":4,"minecraft:cobblestone":60},"minecraft:used":{"minecraft:wheat_seeds":19,"minecraft:stone_sword":16,"minecraft:stone_pickaxe":9,"minecraft:wooden_pickaxe":60,"minecraft:shield":38,"minecraft:dirt":7,"minecraft:crafting_table":4,"minecraft:carrot":18,"minecraft:wooden_axe":42,"minecraft:bread":13,"locks:wood_lock_pick":2,"minecraft:stone_axe":50,"minecraft:wooden_sword":28,"minecraft:cobblestone":19,"minecraft:furnace":2,"minecraft:cooked_porkchop":10,"minecraft:beetroot_seeds":1,"tombstone:gift":1,"minecraft:egg":1},"minecraft:killed_by":{"minecraft:skeleton":1,"born_in_chaos_v1:zombieswith_door":1,"mowziesmobs:foliaath":1},"minecraft:crafted":{"minecraft:wooden_sword":1,"minecraft:oak_planks":72,"byg:cypress_planks":64,"minecraft:cooked_porkchop":12,"minecraft:crafting_table":4,"minecraft:wooden_pickaxe":2,"minecraft:furnace":1,"minecraft:stone_axe":1,"minecraft:bread":2,"minecraft:air":0,"locks:wood_lock_pick":29,"minecraft:stick":380,"minecraft:stone_pickaxe":1,"minecraft:wooden_axe":1,"minecraft:stone_sword":1,"minecraft:acacia_planks":52,"minecraft:dark_oak_planks":80}},"DataVersion":2586}