{"stats":{"minecraft:killed":{"minecraft:skeleton":2},"minecraft:custom":{"minecraft:interact_with_smithing_table":1,"minecraft:interact_with_furnace":3,"minecraft:mob_kills":3,"minecraft:interact_with_crafting_table":25,"minecraft:open_barrel":7,"minecraft:play_one_minute":48889,"minecraft:bell_ring":9,"minecraft:leave_game":2,"minecraft:time_since_death":2754,"minecraft:climb_one_cm":8113,"minecraft:time_since_rest":2759,"minecraft:waystone_activated":1,"minecraft:sprint_one_cm":90083,"minecraft:damage_taken":1681,"minecraft:walk_one_cm":144229,"minecraft:damage_blocked_by_shield":860,"minecraft:drop":17,"minecraft:damage_dealt":1022,"minecraft:swim_one_cm":12153,"minecraft:fly_one_cm":162724,"minecraft:talked_to_villager":1,"minecraft:open_chest":11,"minecraft:crouch_one_cm":1524,"tombstone:undead_killed":2,"minecraft:deaths":3,"minecraft:sneak_time":684,"minecraft:walk_under_water_one_cm":1743,"minecraft:jump":694,"minecraft:walk_on_water_one_cm":9360,"minecraft:fall_one_cm":35044},"minecraft:crafted":{"minecraft:oak_planks":32,"minecraft:crafting_table":4,"minecraft:wooden_pickaxe":1,"minecraft:iron_sword":1,"minecraft:furnace":1,"minecraft:air":0,"locks:wood_lock_pick":24,"minecraft:iron_axe":1,"minecraft:stick":108,"minecraft:iron_ingot":5,"minecraft:stone_pickaxe":1,"minecraft:iron_pickaxe":1,"minecraft:gold_ingot":2,"minecraft:oak_button":1},"minecraft:dropped":{"iceandfire:silver_nugget":22,"minecraft:iron_sword":1,"minecraft:wheat_seeds":3,"mekanism:osmium_ore":1,"minecraft:smooth_stone_slab":1,"relics:squire_bag":1,"iceandfire:shiny_scales":1,"paraglider:spirit_orb":4,"minecraft:shield":1,"iceandfire:copper_nugget":14,"minecraft:mutton":3,"iceandfire:bestiary":1,"minecraft:wooden_sword":1,"minecraft:stone_pickaxe":1,"minecraft:wooden_pickaxe":1},"minecraft:picked_up":{"locks:wood_lock_pick":7,"minecraft:crafting_table":1,"minecraft:wheat":3,"minecraft:andesite":1,"minecraft:smithing_table":1,"minecraft:wooden_pickaxe":1,"minecraft:potato":30,"paraglider:spirit_orb":4,"minecraft:oak_log":8,"minecraft:shield":1,"minecraft:dirt":4,"minecraft:polished_granite":2,"minecraft:smooth_stone_slab":1,"byg:meadow_dirt":5,"minecraft:bone":4,"minecraft:wheat_seeds":9,"minecraft:gold_nugget":18,"minecraft:iron_ore":5,"mekanism:osmium_ore":2,"minecraft:iron_sword":1,"minecraft:oak_planks":53,"minecraft:egg":1,"minecraft:book":6,"minecraft:stick":21,"minecraft:stripped_crimson_hyphae":1,"iceandfire:copper_nugget":14,"minecraft:torch":10,"minecraft:poisonous_potato":1,"minecraft:spruce_fence":1,"iceandfire:shiny_scales":1,"minecraft:carrot":29,"relics:squire_bag":1,"minecraft:granite":1,"minecraft:bread":2,"minecraft:mutton":3,"minecraft:coal":2,"minecraft:cobblestone":13},"minecraft:used":{"minecraft:stone_pickaxe":37,"minecraft:wooden_pickaxe":4,"minecraft:shield":23,"minecraft:iron_sword":17,"minecraft:dirt":4,"mekanism:osmium_ore":1,"minecraft:crafting_table":4,"minecraft:granite":1,"minecraft:spruce_fence":1,"byg:meadow_dirt":5,"minecraft:oak_button":1,"minecraft:bread":35,"minecraft:iron_pickaxe":8,"minecraft:iron_axe":2,"minecraft:polished_granite":2,"locks:wood_lock_pick":9,"locks:wood_lock":1,"minecraft:wooden_sword":23,"minecraft:stripped_crimson_hyphae":1,"minecraft:furnace":1,"minecraft:andesite":1,"tombstone:gift":2,"minecraft:egg":1},"minecraft:killed_by":{"minecraft:skeleton":1},"minecraft:mined":{"minecraft:smithing_table":1,"byg:tiny_lilypads":1,"mekanism:osmium_ore":1,"byg:water_silk":14,"iceandfire:copper_pile":2,"minecraft:polished_granite":2,"minecraft:crafting_table":1,"minecraft:granite":1,"minecraft:stripped_crimson_hyphae":1,"minecraft:grass_block":2,"minecraft:spruce_fence":1,"minecraft:cobblestone":4,"minecraft:spawner":4,"minecraft:carrots":10,"minecraft:beehive":1,"minecraft:iron_ore":5,"minecraft:wheat":3,"byg:meadow_dirt":1,"minecraft:andesite":1,"byg:prairie_grass":1,"minecraft:birch_leaves":3,"minecraft:smooth_stone_slab":3,"minecraft:grass":1,"minecraft:oak_log":8,"minecraft:bookshelf":2,"minecraft:potatoes":10,"minecraft:coal_ore":2,"iceandfire:gold_pile":3,"minecraft:beetroots":1,"minecraft:dirt":2,"minecraft:stone":9,"byg:cypress_leaves":2,"minecraft:oak_leaves":1,"byg:tall_prairie_grass":3}},"DataVersion":2586}