{"stats":{"minecraft:mined":{"minecraft:mossy_cobblestone":1,"minecraft:dark_oak_leaves":5,"minecraft:black_terracotta":24,"minecraft:dark_oak_log":62,"byg:cattail":1,"minecraft:dark_oak_fence":1,"minecraft:ladder":1,"minecraft:granite":4,"minecraft:purple_terracotta":17,"minecraft:stripped_crimson_hyphae":1,"minecraft:spruce_fence":4,"minecraft:grass_block":41,"minecraft:red_mushroom":33,"minecraft:oxeye_daisy":2,"minecraft:hay_block":15,"minecraft:furnace":3,"minecraft:iron_ore":24,"minecraft:fire":10,"byg:prairie_grass":3,"minecraft:azure_bluet":1,"minecraft:dark_oak_stairs":6,"minecraft:bookshelf":5,"minecraft:red_tulip":1,"minecraft:pink_tulip":1,"minecraft:white_tulip":1,"minecraft:stone":206,"minecraft:blue_orchid":1,"sophisticatedbackpacks:backpack":1,"minecraft:brown_mushroom":29,"minecraft:glass_pane":1,"minecraft:dandelion":6,"minecraft:cornflower":1,"minecraft:crafting_table":19,"minecraft:torch":2,"minecraft:oak_wood":71,"minecraft:poppy":25,"minecraft:mushroom_stem":2,"minecraft:cobblestone":11,"minecraft:oak_planks":4,"minecraft:wall_torch":2,"minecraft:beehive":2,"minecraft:birch_log":12,"minecraft:wheat":4,"byg:meadow_dirt":8,"byg:short_grass":32,"minecraft:birch_leaves":8,"minecraft:orange_tulip":7,"minecraft:yellow_bed":9,"minecraft:grass_path":2,"minecraft:grass":81,"byg:meadow_grass_block":8,"minecraft:coal_ore":14,"minecraft:oak_log":31,"minecraft:sunflower":1,"minecraft:dirt":2,"byg:tall_pink_allium":1,"minecraft:cobweb":25,"minecraft:brown_terracotta":29,"minecraft:polished_andesite":3,"minecraft:dispenser":1,"minecraft:gold_ore":10,"minecraft:chipped_anvil":1,"minecraft:dark_oak_planks":32,"minecraft:oak_leaves":13},"minecraft:custom":{"minecraft:mob_kills":52,"minecraft:interact_with_crafting_table":29,"minecraft:open_barrel":70,"minecraft:leave_game":6,"minecraft:time_since_death":50180,"minecraft:climb_one_cm":18260,"minecraft:sprint_one_cm":626922,"minecraft:walk_one_cm":481992,"minecraft:damage_blocked_by_shield":2428,"minecraft:drop":113,"minecraft:talked_to_villager":3,"minecraft:deaths":12,"minecraft:sneak_time":18107,"minecraft:walk_under_water_one_cm":3776,"minecraft:jump":3073,"minecraft:walk_on_water_one_cm":31775,"minecraft:interact_with_furnace":19,"minecraft:play_one_minute":245056,"minecraft:sleep_in_bed":2,"minecraft:time_since_rest":50212,"minecraft:waystone_activated":5,"minecraft:damage_taken":7513,"minecraft:damage_dealt":11451,"minecraft:swim_one_cm":16156,"minecraft:fly_one_cm":455992,"minecraft:crouch_one_cm":29731,"minecraft:open_chest":22,"tombstone:undead_killed":29,"minecraft:fall_one_cm":74276},"minecraft:picked_up":{"iceandfire:copper_ingot":3,"minecraft:iron_chestplate":1,"minecraft:cocoa_beans":1,"minecraft:crafting_table":19,"minecraft:wheat":4,"minecraft:allium":1,"minecraft:azure_bluet":2,"minecraft:chainmail_boots":1,"minecraft:ladder":1,"minecraft:brown_mushroom":33,"minecraft:cornflower":1,"minecraft:string":30,"minecraft:iron_axe":2,"minecraft:wooden_sword":1,"minecraft:iron_leggings":1,"minecraft:iron_shovel":1,"minecraft:blue_orchid":4,"minecraft:spruce_planks":2,"minecraft:beef":25,"minecraft:white_tulip":2,"minecraft:poppy":32,"minecraft:iron_pickaxe":1,"minecraft:birch_sapling":1,"minecraft:phantom_membrane":1,"minecraft:iron_boots":1,"minecraft:furnace":3,"minecraft:golden_helmet":2,"minecraft:dark_oak_sapling":5,"minecraft:beehive":3,"minecraft:stick":18,"waystones:warp_dust":4,"minecraft:brown_terracotta":21,"minecraft:torch":7,"minecraft:spruce_fence":4,"sophisticatedbackpacks:backpack":1,"byg:meadow_grass_block":1,"minecraft:cookie":3,"tombstone:grave_dust":11,"minecraft:carrot":8,"minecraft:purple_terracotta":17,"minecraft:dark_oak_planks":21,"minecraft:arrow":15,"iceandfire:cyclops_eye":1,"minecraft:rotten_flesh":18,"relics:squire_bag":1,"minecraft:diamond_boots":1,"minecraft:hay_block":15,"minecraft:red_tulip":3,"minecraft:pink_tulip":1,"minecraft:gold_ingot":15,"minecraft:mutton":4,"minecraft:white_wool":5,"minecraft:blaze_powder":1,"minecraft:cobblestone":183,"minecraft:oxeye_daisy":4,"minecraft:birch_log":12,"minecraft:leather":20,"minecraft:red_mushroom":33,"minecraft:potato":3,"paraglider:spirit_orb":4,"minecraft:oak_log":31,"minecraft:golden_boots":3,"minecraft:yellow_bed":9,"minecraft:dirt":46,"byg:meadow_dirt":19,"minecraft:leather_boots":2,"minecraft:bone":14,"minecraft:chipped_anvil":1,"minecraft:apple":1,"minecraft:wheat_seeds":27,"minecraft:orange_tulip":8,"minecraft:iron_ingot":25,"minecraft:iron_ore":24,"minecraft:oak_planks":3,"minecraft:dark_oak_stairs":6,"minecraft:black_terracotta":19,"minecraft:cooked_porkchop":39,"born_in_chaos_v1:ethereal_spirit":1,"minecraft:dandelion":8,"waystones:attuned_shard":1,"minecraft:gold_ore":11,"minecraft:dark_oak_log":62,"minecraft:spider_eye":2,"minecraft:mossy_cobblestone":1,"minecraft:iron_hoe":1,"minecraft:oak_wood":59,"minecraft:polished_andesite":2,"minecraft:dispenser":1,"minecraft:diamond":91,"waystones:waystone":1,"minecraft:chainmail_leggings":1,"minecraft:granite":3,"minecraft:golden_apple":64,"minecraft:chainmail_helmet":1,"minecraft:bread":2,"minecraft:oak_sapling":19,"minecraft:melon_seeds":3,"minecraft:dark_oak_fence":1,"minecraft:sunflower":2,"minecraft:coal":14,"minecraft:diamond_pickaxe":2,"locks:wood_lock_pick":18,"minecraft:ender_pearl":1,"waystones:warp_stone":1},"minecraft:killed_by":{"minecraft:player":2,"born_in_chaos_v1:restless_spirit":1,"minecraft:skeleton":4,"minecraft:zombie":3,"born_in_chaos_v1:dread_hound":1},"minecraft:crafted":{"minecraft:golden_carrot":8,"minecraft:oak_planks":292,"minecraft:mushroom_stew":30,"minecraft:iron_boots":1,"minecraft:bow":1,"locks:wood_lock_pick":84,"minecraft:iron_axe":1,"minecraft:chest":2,"minecraft:dark_oak_planks":248,"spartanshields:shield_tower_wood":1,"minecraft:wheat":117,"minecraft:cooked_beef":15,"minecraft:diamond_sword":1,"sophisticatedbackpacks:backpack":1,"minecraft:crafting_table":6,"minecraft:iron_helmet":1,"minecraft:iron_sword":2,"minecraft:bowl":4,"minecraft:bucket":2,"minecraft:bread":39,"minecraft:air":0,"minecraft:white_wool":4,"minecraft:iron_chestplate":1,"minecraft:golden_apple":1,"minecraft:gold_nugget":63,"minecraft:shield":1,"minecraft:stick":480,"minecraft:iron_ingot":10,"minecraft:iron_pickaxe":1,"minecraft:iron_leggings":1,"minecraft:gold_ingot":4,"spartanshields:shield_tower_diamond":1,"minecraft:torch":108},"minecraft:killed":{"born_in_chaos_v1:restless_spirit":1,"minecraft:spider":5,"minecraft:skeleton":13,"minecraft:bee":1,"minecraft:chicken":1,"undead:themoonflower":1,"born_in_chaos_v1:decrepit_skeleton":2,"minecraft:zombie":12,"born_in_chaos_v1:dread_hound":2,"born_in_chaos_v1:baby_skkl":1,"minecraft:cow":12},"minecraft:used":{"minecraft:white_tulip":2,"minecraft:dispenser":1,"minecraft:ladder":1,"minecraft:poppy":26,"minecraft:chest":1,"minecraft:shield":56,"minecraft:iron_sword":363,"minecraft:rotten_flesh":6,"minecraft:torch":83,"paraglider:goddess_statue":2,"minecraft:dirt":60,"minecraft:allium":1,"minecraft:brown_terracotta":4,"minecraft:beehive":3,"minecraft:granite":2,"minecraft:spruce_fence":4,"minecraft:azure_bluet":1,"paraglider:horned_statue":2,"minecraft:honey_bottle":2,"minecraft:dark_oak_planks":15,"minecraft:red_tulip":1,"minecraft:iron_axe":280,"minecraft:blue_orchid":3,"minecraft:golden_carrot":11,"minecraft:bow":6,"minecraft:furnace":1,"tombstone:gift":3,"minecraft:cooked_beef":15,"minecraft:wheat_seeds":9,"minecraft:dark_oak_stairs":6,"minecraft:water_bucket":9,"minecraft:stone_pickaxe":1,"minecraft:polished_andesite":2,"minecraft:baked_potato":39,"minecraft:oak_planks":26,"minecraft:orange_tulip":7,"minecraft:brown_mushroom":2,"minecraft:cookie":3,"minecraft:golden_apple":2,"minecraft:mossy_cobblestone":1,"minecraft:crafting_table":16,"minecraft:mushroom_stew":30,"minecraft:purple_terracotta":15,"byg:meadow_dirt":9,"tombstone:bag_of_seeds":2,"minecraft:black_terracotta":4,"waystones:waystone":1,"sophisticatedbackpacks:backpack":1,"minecraft:oxeye_daisy":1,"minecraft:iron_pickaxe":378,"minecraft:sunflower":1,"minecraft:bread":60,"minecraft:detector_rail":1,"locks:wood_lock_pick":9,"spartanshields:shield_tower_diamond":22,"minecraft:diamond_sword":157,"minecraft:wooden_sword":12,"minecraft:cobblestone":128,"minecraft:cooked_porkchop":8,"minecraft:dark_oak_fence":1,"minecraft:bucket":10,"minecraft:dandelion":8,"minecraft:yellow_bed":9,"minecraft:splash_potion":2,"minecraft:cobweb":2},"minecraft:dropped":{"minecraft:enchanted_book":1,"minecraft:golden_boots":1,"minecraft:bread":9,"minecraft:purple_terracotta":2,"minecraft:brown_mushroom":18,"minecraft:wheat_seeds":12,"minecraft:golden_helmet":2,"minecraft:glass_bottle":1,"minecraft:diamond":75,"minecraft:dark_oak_sapling":5,"minecraft:orange_tulip":1,"minecraft:cobblestone":11,"minecraft:granite":1,"relics:squire_bag":1,"byg:meadow_dirt":10,"minecraft:golden_apple":64,"minecraft:red_mushroom":17,"minecraft:stick":21,"minecraft:oxeye_daisy":3,"minecraft:dirt":20,"minecraft:cornflower":1,"tombstone:grave_dust":8,"minecraft:brown_terracotta":17,"minecraft:iron_axe":2,"minecraft:chainmail_leggings":1,"minecraft:dark_oak_planks":10,"minecraft:pink_tulip":1,"minecraft:bone":7,"minecraft:bowl":4,"minecraft:birch_sapling":1,"born_in_chaos_v1:ethereal_spirit":1,"minecraft:black_terracotta":15,"minecraft:rotten_flesh":12,"minecraft:oak_planks":41,"minecraft:iron_hoe":1,"sophisticatedbackpacks:backpack":1,"minecraft:azure_bluet":1,"minecraft:poppy":6,"minecraft:spruce_planks":2,"minecraft:leather_boots":3,"minecraft:oak_sapling":9,"minecraft:spider_eye":1,"minecraft:blue_orchid":1,"byg:meadow_grass_block":1,"minecraft:red_tulip":2,"locks:wood_lock_pick":7},"minecraft:broken":{"minecraft:iron_sword":1}},"DataVersion":2586}