{"stats":{"minecraft:mined":{"minecraft:white_bed":2,"byg:cattail":3,"minecraft:granite":22,"minecraft:grass_block":5,"minecraft:iron_ore":35,"iceandfire:gold_pile":7,"minecraft:iron_bars":1,"mekanism:osmium_ore":10,"minecraft:torch":4,"minecraft:chest":5,"mekanism:tin_ore":8,"minecraft:cobblestone":9,"minecraft:sugar_cane":2,"minecraft:oak_planks":6,"minecraft:wall_torch":8,"byg:soapstone":5,"minecraft:yellow_wool":3,"minecraft:lilac":2,"minecraft:stripped_oak_wood":9,"byg:meadow_grass_block":2,"minecraft:grass":59,"minecraft:oak_log":39,"mekanism:lead_ore":5,"minecraft:dirt":4,"minecraft:oak_leaves":6,"minecraft:dark_oak_log":4,"minecraft:dark_oak_fence":2,"minecraft:spruce_fence":1,"minecraft:jungle_planks":3,"minecraft:spruce_leaves":6,"minecraft:hay_block":16,"minecraft:furnace":7,"iceandfire:copper_ore":2,"minecraft:acacia_wood":11,"minecraft:andesite":9,"minecraft:stripped_oak_log":2,"minecraft:stone":348,"minecraft:white_wool":3,"minecraft:lily_of_the_valley":1,"minecraft:crafting_table":6,"minecraft:rose_bush":4,"minecraft:tall_grass":6,"minecraft:diorite":4,"minecraft:spruce_stairs":2,"mekanism:uranium_ore":8,"byg:scoria_stone":10,"byg:meadow_dirt":1,"minecraft:sweet_berry_bush":2,"minecraft:spruce_log":20,"byg:short_grass":6,"minecraft:birch_leaves":2,"minecraft:coal_ore":40,"iceandfire:silver_pile":7,"byg:azalea":1,"minecraft:fern":1},"minecraft:used":{"twilightforest:adherent_spawn_egg":1,"minecraft:poppy":14,"minecraft:chest":9,"minecraft:shield":75,"minecraft:stone":3,"minecraft:iron_sword":137,"minecraft:rotten_flesh":2,"minecraft:lily_of_the_valley":1,"minecraft:furnace":7,"twilightforest:slime_beetle_spawn_egg":1,"minecraft:diorite":3,"minecraft:oak_planks":40,"minecraft:ender_pearl":1,"minecraft:wooden_pickaxe":1,"minecraft:diamond_axe":59,"minecraft:white_wool":2,"minecraft:golden_apple":12,"waystones:waystone":4,"minecraft:bread":97,"locks:wood_lock_pick":12,"minecraft:diamond_sword":119,"minecraft:wooden_sword":111,"minecraft:torch":176,"minecraft:dirt":15,"minecraft:granite":5,"minecraft:wooden_axe":10,"minecraft:iron_axe":66,"twilightforest:twilight_portal_miniature_structure":1,"byg:meadow_grass_block":8,"minecraft:golden_carrot":1,"tombstone:gift":1,"minecraft:water_bucket":6,"minecraft:pink_tulip":1,"locks:diamond_lock":1,"minecraft:crafting_table":8,"minecraft:white_bed":2,"twilightforest:yeti_spawn_egg":2,"byg:meadow_dirt":14,"minecraft:diamond_pickaxe":279,"minecraft:cornflower":1,"minecraft:oxeye_daisy":1,"minecraft:chicken":1,"minecraft:iron_pickaxe":251,"minecraft:yellow_wool":3,"minecraft:cobblestone":34,"minecraft:cooked_porkchop":25,"minecraft:dandelion":19,"minecraft:smooth_stone":2},"minecraft:dropped":{"minecraft:brown_mushroom":2,"minecraft:porkchop":64,"waystones:warp_dust":5,"minecraft:diamond":131,"minecraft:cooked_porkchop":39,"minecraft:orange_tulip":3,"locks:gold_lock":2,"minecraft:leather_helmet":1,"minecraft:dirt":7,"firstaid:bandage":64,"minecraft:dark_oak_fence":2,"minecraft:cornflower":3,"minecraft:wooden_sword":2,"minecraft:iron_pickaxe":1,"minecraft:dark_oak_planks":2,"byg:scoria_cobblestone":5,"minecraft:white_wool":1,"minecraft:gold_ingot":1,"minecraft:white_tulip":1,"minecraft:birch_sapling":2,"tombstone:gift":1,"minecraft:black_terracotta":15,"minecraft:oak_planks":1,"minecraft:glowstone_dust":5,"minecraft:azure_bluet":1,"minecraft:mycelium":1,"waystones:warp_stone":2,"minecraft:poppy":2,"minecraft:leather_boots":1,"locks:iron_lock":2,"minecraft:arrow":3,"byg:meadow_grass_block":1,"locks:wood_lock_pick":1,"minecraft:iron_ingot":64,"minecraft:bread":64,"minecraft:lilac":3,"minecraft:feather":2,"minecraft:cobblestone":122,"minecraft:granite":8,"minecraft:spruce_stairs":1,"byg:meadow_dirt":2,"minecraft:golden_apple":64,"minecraft:coal":22,"minecraft:stick":192,"minecraft:oxeye_daisy":3,"byg:cattail":1,"minecraft:cobweb":1,"minecraft:diorite":1,"iceandfire:copper_nugget":1,"minecraft:torch":129,"minecraft:wooden_axe":2,"minecraft:rose_bush":10,"tombstone:grave_dust":2,"minecraft:iron_leggings":1,"minecraft:wither_rose":5,"twilightforest:twilight_portal_miniature_structure":1,"minecraft:smooth_stone":1,"minecraft:chainmail_leggings":2,"minecraft:string":2,"minecraft:acacia_planks":4,"minecraft:spruce_sapling":4,"minecraft:dandelion":11,"waystones:attuned_shard":2,"minecraft:pink_tulip":2,"minecraft:chicken":3,"minecraft:spruce_fence":1,"minecraft:lily_of_the_valley":3,"minecraft:potato":8,"minecraft:stone":2,"minecraft:shield":1,"minecraft:allium":1,"minecraft:iron_chestplate":2,"byg:azalea":2,"twilightforest:arctic_fur":2,"minecraft:oak_sapling":2,"minecraft:blue_orchid":2,"minecraft:stone_pickaxe":1,"minecraft:wooden_pickaxe":1,"minecraft:red_tulip":1},"minecraft:crafted":{"minecraft:oak_planks":216,"minecraft:diamond_helmet":1,"minecraft:diamond_leggings":1,"minecraft:chest":3,"byg:cypress_planks":76,"minecraft:diamond_axe":1,"minecraft:crafting_table":6,"minecraft:spruce_planks":80,"minecraft:wooden_pickaxe":1,"minecraft:diamond_pickaxe":2,"minecraft:shield":1,"minecraft:stick":524,"minecraft:iron_pickaxe":1,"minecraft:wooden_sword":1,"minecraft:furnace":23,"locks:wood_lock_pick":131,"minecraft:iron_axe":1,"minecraft:diamond_boots":1,"minecraft:dark_oak_planks":16,"minecraft:wheat":126,"minecraft:diamond_sword":1,"minecraft:iron_sword":1,"minecraft:bread":42,"minecraft:air":0,"mekanism:ingot_copper":2,"minecraft:wooden_axe":2,"minecraft:acacia_planks":4,"minecraft:diamond_chestplate":1,"tombstone:bone_needle":1},"minecraft:custom":{"minecraft:interact_with_crafting_table":29,"minecraft:open_barrel":12,"minecraft:leave_game":9,"minecraft:time_since_death":156312,"minecraft:sprint_one_cm":372056,"minecraft:damage_blocked_by_shield":2023,"minecraft:drop":144,"minecraft:talked_to_villager":2,"minecraft:deaths":7,"minecraft:jump":2227,"minecraft:walk_on_water_one_cm":16336,"minecraft:interact_with_furnace":26,"minecraft:play_one_minute":222840,"minecraft:sleep_in_bed":3,"minecraft:waystone_activated":8,"tombstone:sneak_grave":2,"minecraft:damage_dealt":9578,"minecraft:player_kills":2,"minecraft:crouch_one_cm":10677,"tombstone:undead_killed":11,"minecraft:mob_kills":38,"minecraft:climb_one_cm":21234,"minecraft:walk_one_cm":531572,"minecraft:sneak_time":4514,"minecraft:walk_under_water_one_cm":4879,"tombstone:raider_killed":2,"minecraft:time_since_rest":46867,"minecraft:damage_taken":6947,"minecraft:swim_one_cm":22699,"minecraft:fly_one_cm":365252,"minecraft:open_chest":37,"minecraft:fall_one_cm":49767},"minecraft:picked_up":{"minecraft:iron_chestplate":3,"waystones:warp_stone":1,"iceandfire:copper_ore":2,"minecraft:yellow_wool":3,"minecraft:wither_rose":3,"iceandfire:manuscript":59,"minecraft:string":2,"minecraft:iron_leggings":2,"minecraft:gold_nugget":40,"minecraft:bucket":1,"minecraft:rose_bush":10,"minecraft:ender_eye":1,"minecraft:iron_pickaxe":2,"locks:wood_lock":1,"minecraft:iron_boots":2,"minecraft:furnace":7,"iceandfire:pixie_dust":1,"minecraft:stick":202,"mekanism:tin_ore":8,"minecraft:torch":158,"minecraft:spruce_stairs":1,"minecraft:porkchop":66,"tombstone:grave_dust":4,"minecraft:diorite":4,"byg:cattail":1,"minecraft:rotten_flesh":2,"mekanism:ingot_osmium":10,"mekanism:lead_ore":5,"minecraft:iron_bars":1,"minecraft:cobblestone":344,"minecraft:feather":4,"minecraft:lilac":3,"minecraft:andesite":2,"byg:cypress_log":19,"minecraft:potato":16,"paraglider:spirit_orb":4,"minecraft:lapis_lazuli":13,"minecraft:dirt":23,"born_in_chaos_v1:monster_skin":2,"minecraft:bone":21,"minecraft:orange_tulip":3,"minecraft:wheat_seeds":6,"minecraft:glowstone_dust":5,"mekanism:osmium_ore":10,"minecraft:oak_planks":15,"minecraft:black_terracotta":15,"minecraft:cooked_porkchop":64,"iceandfire:shiny_scales":4,"iceandfire:stymphalian_bird_feather":23,"minecraft:lily_of_the_valley":3,"minecraft:dark_oak_log":4,"minecraft:diamond":131,"waystones:waystone":2,"minecraft:granite":19,"minecraft:golden_apple":64,"minecraft:emerald":14,"minecraft:bread":114,"twilightforest:arctic_fur":3,"minecraft:oak_sapling":8,"minecraft:dark_oak_fence":2,"iceandfire:silver_nugget":22,"locks:wood_lock_pick":10,"iceandfire:copper_ingot":5,"minecraft:crafting_table":6,"minecraft:chicken":5,"minecraft:brown_mushroom":2,"minecraft:shield":1,"minecraft:cornflower":3,"minecraft:iron_axe":1,"mekanism:ingot_uranium":10,"minecraft:blue_orchid":1,"minecraft:beef":3,"minecraft:poppy":1,"minecraft:sugar_cane":5,"minecraft:chest":5,"minecraft:birch_sapling":2,"iceandfire:dragonbone":1,"waystones:warp_dust":1,"minecraft:stone":1,"iceandfire:troll_tusk":2,"locks:iron_lock":4,"minecraft:spruce_fence":1,"sophisticatedbackpacks:backpack":1,"byg:meadow_grass_block":1,"born_in_chaos_v1:pieceofdarkmetal":1,"locks:gold_lock":4,"minecraft:arrow":11,"relics:squire_bag":1,"minecraft:hay_block":16,"minecraft:pink_tulip":2,"minecraft:gold_ingot":5,"firstaid:bandage":64,"mekanism:ingot_lead":5,"locks:diamond_lock":3,"minecraft:mutton":4,"minecraft:white_wool":7,"minecraft:oxeye_daisy":3,"minecraft:stripped_oak_log":2,"minecraft:golden_carrot":2,"minecraft:acacia_wood":1,"minecraft:oak_log":39,"locks:steel_lock":4,"minecraft:paper":8,"byg:meadow_dirt":6,"minecraft:cooked_mutton":1,"byg:scoria_cobblestone":5,"minecraft:iron_ingot":140,"minecraft:stone_pickaxe":1,"minecraft:cobweb":12,"minecraft:iron_ore":34,"minecraft:stripped_oak_wood":8,"minecraft:glass_bottle":2,"minecraft:iron_sword":2,"minecraft:book":2,"iceandfire:copper_nugget":7,"byg:azalea":2,"born_in_chaos_v1:ethereal_spirit":1,"minecraft:dandelion":11,"mekanism:ingot_tin":8,"minecraft:spruce_sapling":4,"waystones:attuned_shard":1,"minecraft:white_bed":2,"minecraft:spruce_log":20,"minecraft:spider_eye":1,"minecraft:leather_helmet":1,"mekanism:uranium_ore":10,"minecraft:slime_ball":2,"minecraft:chainmail_leggings":2,"minecraft:iron_helmet":1,"minecraft:diamond_axe":1,"minecraft:coal":85,"minecraft:ender_pearl":2},"minecraft:broken":{"minecraft:wooden_sword":1,"minecraft:iron_pickaxe":1},"minecraft:killed_by":{"iceandfire:cyclops":1,"minecraft:witch":1,"minecraft:skeleton":4,"mowziesmobs:foliaath":1},"minecraft:killed":{"minecraft:witch":2,"born_in_chaos_v1:restless_spirit":1,"minecraft:spider":1,"iceandfire:stymphalian_bird":3,"minecraft:skeleton":6,"minecraft:chicken":3,"twilightforest:slime_beetle":1,"minecraft:pig":1,"minecraft:sheep":4,"minecraft:zombie":2,"born_in_chaos_v1:dread_hound":2,"iceandfire:cyclops":1,"born_in_chaos_v1:baby_skeleton":2,"born_in_chaos_v1:decrepit_skeleton":1,"twilightforest:yeti":2,"twilightforest:adherent":1}},"DataVersion":2586}